id,name,email,age,country
1,Lina Bernard,lina.bernard1@example.com,19,Portugal
2,Diana Petit,diana.petit2@example.com,26,Germany
3,Lina Michel,lina.michel3@example.com,52,Germany
4,Karim Durand,karim.durand4@example.com,20,France
5,Bob Petit,bob.petit5@example.com,32,Tunisia
6,Karim Martin,karim.martin6@example.com,53,Italy
7,Mehdi Simon,mehdi.simon7@example.com,62,Tunisia
8,Hugo Petit,hugo.petit8@example.com,46,Portugal
9,Nora Garcia,nora.garcia9@example.com,18,Spain
10,Mehdi Durand,mehdi.durand10@example.com,39,Portugal
11,Charlie Petit,charlie.petit11@example.com,39,Germany
12,Bob Durand,bob.durand12@example.com,24,Belgium
13,Omar Richard,omar.richard13@example.com,56,Portugal
14,Nora Martin,nora.martin14@example.com,64,Morocco
15,Jules Bernard,jules.bernard15@example.com,42,Germany
16,Jules Robert,jules.robert16@example.com,58,Belgium
17,Karim Petit,karim.petit17@example.com,63,Germany
18,Alice Simon,alice.simon18@example.com,32,Portugal
19,Bob Garcia,bob.garcia19@example.com,32,Germany
20,Hugo Robert,hugo.robert20@example.com,47,Belgium
21,Charlie Richard,charlie.richard21@example.com,40,Italy
22,Lina Robert,lina.robert22@example.com,62,Germany
23,Karim Simon,karim.simon23@example.com,28,Tunisia
24,Mehdi Petit,mehdi.petit24@example.com,28,Morocco
25,Hugo Robert,hugo.robert25@example.com,58,Tunisia
26,Diana Simon,diana.simon26@example.com,38,France
27,Diana Garcia,diana.garcia27@example.com,20,Belgium
28,Hugo Robert,hugo.robert28@example.com,22,Italy
29,Sarah Laurent,sarah.laurent29@example.com,63,Belgium
30,Diana Simon,diana.simon30@example.com,49,Netherlands
31,Sarah Roux,sarah.roux31@example.com,59,Morocco
32,Charlie Robert,charlie.robert32@example.com,26,Italy
33,Mehdi Moreau,mehdi.moreau33@example.com,52,Portugal
34,Mehdi Laurent,mehdi.laurent34@example.com,45,Netherlands
35,Fatima Petit,fatima.petit35@example.com,26,Tunisia
36,Ines Bernard,ines.bernard36@example.com,21,Germany
37,Charlie Simon,charlie.simon37@example.com,28,Netherlands
38,Karim Bernard,karim.bernard38@example.com,42,Netherlands
39,Karim Dubois,karim.dubois39@example.com,51,Portugal
40,Jules Garcia,jules.garcia40@example.com,18,Germany
41,Lina Roux,lina.roux41@example.com,52,Portugal
42,Nora Simon,nora.simon42@example.com,39,Germany
43,Ethan Durand,ethan.durand43@example.com,28,Morocco
44,Alice Michel,alice.michel44@example.com,64,Portugal
45,Jules Lefevre,jules.lefevre45@example.com,29,Tunisia
46,Sarah Bernard,sarah.bernard46@example.com,58,Portugal
47,Omar Simon,omar.simon47@example.com,50,Italy
48,Charlie Richard,charlie.richard48@example.com,28,Tunisia
49,Nora Roux,nora.roux49@example.com,51,France
50,Karim Richard,karim.richard50@example.com,49,France
51,Bob Roux,bob.roux51@example.com,41,Portugal
52,Diana Martin,diana.martin52@example.com,33,Germany
53,Bob Michel,bob.michel53@example.com,49,Germany
54,Nora Moreau,nora.moreau54@example.com,26,Spain
55,Lina Dubois,lina.dubois55@example.com,53,Spain
56,Ethan Moreau,ethan.moreau56@example.com,56,Netherlands
57,Diana Roux,diana.roux57@example.com,52,Italy
58,Mehdi Robert,mehdi.robert58@example.com,43,Belgium
59,Ines Roux,ines.roux59@example.com,51,Morocco
60,Bob Petit,bob.petit60@example.com,32,Germany
61,Fatima Martin,fatima.martin61@example.com,55,Tunisia
62,Diana Laurent,diana.laurent62@example.com,32,France
63,Bob Michel,bob.michel63@example.com,58,France
64,Diana Bernard,diana.bernard64@example.com,20,Belgium
65,Bob Moreau,bob.moreau65@example.com,33,Portugal
66,Lina Dubois,lina.dubois66@example.com,31,Tunisia
67,Charlie Michel,charlie.michel67@example.com,54,Morocco
68,Diana Lefevre,diana.lefevre68@example.com,48,Netherlands
69,Diana Bernard,diana.bernard69@example.com,24,Netherlands
70,Fatima Durand,fatima.durand70@example.com,44,Morocco
71,Omar Michel,omar.michel71@example.com,21,Germany
72,Alice Durand,alice.durand72@example.com,64,Belgium
73,Nora Garcia,nora.garcia73@example.com,24,Italy
74,Diana Petit,diana.petit74@example.com,52,Morocco
75,Charlie Durand,charlie.durand75@example.com,29,Portugal
76,Ines Petit,ines.petit76@example.com,22,Morocco
77,Nora Garcia,nora.garcia77@example.com,53,Germany
78,Alice Simon,alice.simon78@example.com,52,France
79,Bob Roux,bob.roux79@example.com,33,Spain
80,Hugo Dubois,hugo.dubois80@example.com,48,Italy
81,Omar Durand,omar.durand81@example.com,21,Spain
82,Hugo Martin,hugo.martin82@example.com,42,Portugal
83,Sarah Lefevre,sarah.lefevre83@example.com,47,Portugal
84,Hugo Michel,hugo.michel84@example.com,64,Tunisia
85,Lina Michel,lina.michel85@example.com,49,Spain
86,Diana Robert,diana.robert86@example.com,31,France
87,Karim Michel,karim.michel87@example.com,52,France
88,Mehdi Richard,mehdi.richard88@example.com,21,France
89,Karim Dubois,karim.dubois89@example.com,50,Tunisia
90,Charlie Martin,charlie.martin90@example.com,50,Germany
91,Omar Thomas,omar.thomas91@example.com,22,Germany
92,Lina Garcia,lina.garcia92@example.com,33,Netherlands
93,Bob Roux,bob.roux93@example.com,54,Italy
94,Karim Laurent,karim.laurent94@example.com,20,Germany
95,Hugo Simon,hugo.simon95@example.com,55,Tunisia
96,Fatima Roux,fatima.roux96@example.com,34,Italy
97,Lina Michel,lina.michel97@example.com,38,Italy
98,Ethan Durand,ethan.durand98@example.com,26,Portugal
99,Ines Richard,ines.richard99@example.com,22,France
100,Ines Laurent,ines.laurent100@example.com,54,Germany
101,Bob Moreau,bob.moreau101@example.com,31,Tunisia
102,Ethan Thomas,ethan.thomas102@example.com,40,Germany
103,Sarah Petit,sarah.petit103@example.com,41,Portugal
104,Charlie Dubois,charlie.dubois104@example.com,52,Portugal
105,Karim Lefevre,karim.lefevre105@example.com,59,Tunisia
106,Alice Simon,alice.simon106@example.com,53,Portugal
107,Sarah Simon,sarah.simon107@example.com,24,Spain
108,Ethan Bernard,ethan.bernard108@example.com,24,Tunisia
109,Charlie Robert,charlie.robert109@example.com,36,Italy
110,Mehdi Richard,mehdi.richard110@example.com,31,Portugal
111,Jules Dubois,jules.dubois111@example.com,34,France
112,Bob Simon,bob.simon112@example.com,45,Portugal
113,Alice Martin,alice.martin113@example.com,39,Spain
114,Lina Robert,lina.robert114@example.com,28,Morocco
115,Jules Michel,jules.michel115@example.com,45,Tunisia
116,Alice Bernard,alice.bernard116@example.com,22,Spain
117,Jules Martin,jules.martin117@example.com,41,Tunisia
118,Charlie Durand,charlie.durand118@example.com,26,France
119,Ethan Richard,ethan.richard119@example.com,20,Belgium
120,Diana Simon,diana.simon120@example.com,33,Germany
121,Fatima Lefevre,fatima.lefevre121@example.com,53,Netherlands
122,Karim Michel,karim.michel122@example.com,27,Italy
123,Omar Thomas,omar.thomas123@example.com,29,Netherlands
124,Alice Thomas,alice.thomas124@example.com,65,Belgium
125,Nora Roux,nora.roux125@example.com,44,Italy
126,Ethan Thomas,ethan.thomas126@example.com,62,Germany
127,Hugo Garcia,hugo.garcia127@example.com,20,Morocco
128,Diana Petit,diana.petit128@example.com,47,Belgium
129,Ethan Garcia,ethan.garcia129@example.com,32,Italy
130,Alice Simon,alice.simon130@example.com,30,Netherlands
131,Fatima Robert,fatima.robert131@example.com,22,Portugal
132,Fatima Simon,fatima.simon132@example.com,50,Netherlands
133,Lina Garcia,lina.garcia133@example.com,52,Belgium
134,Alice Bernard,alice.bernard134@example.com,34,Spain
135,Karim Robert,karim.robert135@example.com,20,Germany
136,Karim Durand,karim.durand136@example.com,40,Belgium
137,Hugo Laurent,hugo.laurent137@example.com,50,Germany
138,Hugo Roux,hugo.roux138@example.com,54,Italy
139,Ethan Martin,ethan.martin139@example.com,63,Netherlands
140,Alice Moreau,alice.moreau140@example.com,52,Italy
141,Fatima Durand,fatima.durand141@example.com,22,Belgium
142,Karim Richard,karim.richard142@example.com,60,Germany
143,Mehdi Roux,mehdi.roux143@example.com,37,Tunisia
144,Ethan Simon,ethan.simon144@example.com,44,Belgium
145,Hugo Michel,hugo.michel145@example.com,36,Tunisia
146,Charlie Petit,charlie.petit146@example.com,44,Netherlands
147,Lina Michel,lina.michel147@example.com,29,Portugal
148,Hugo Moreau,hugo.moreau148@example.com,18,Portugal
149,Ethan Petit,ethan.petit149@example.com,45,Belgium
150,Ines Dubois,ines.dubois150@example.com,46,Italy
151,Jules Dubois,jules.dubois151@example.com,65,Spain
152,Lina Bernard,lina.bernard152@example.com,36,Tunisia
153,Lina Simon,lina.simon153@example.com,57,Belgium
154,Bob Garcia,bob.garcia154@example.com,33,Portugal
155,Diana Lefevre,diana.lefevre155@example.com,30,Spain
156,Alice Martin,alice.martin156@example.com,33,Morocco
157,Karim Garcia,karim.garcia157@example.com,22,Morocco
158,Hugo Roux,hugo.roux158@example.com,58,Italy
159,Mehdi Michel,mehdi.michel159@example.com,42,Morocco
160,Hugo Petit,hugo.petit160@example.com,27,France
161,Sarah Lefevre,sarah.lefevre161@example.com,24,Netherlands
162,Diana Thomas,diana.thomas162@example.com,62,Tunisia
163,Ines Martin,ines.martin163@example.com,53,Italy
164,Sarah Garcia,sarah.garcia164@example.com,25,Morocco
165,Charlie Lefevre,charlie.lefevre165@example.com,47,Tunisia
166,Jules Laurent,jules.laurent166@example.com,38,Morocco
167,Karim Garcia,karim.garcia167@example.com,64,Tunisia
168,Hugo Garcia,hugo.garcia168@example.com,53,Morocco
169,Sarah Thomas,sarah.thomas169@example.com,65,Morocco
170,Ines Robert,ines.robert170@example.com,33,Portugal
171,Nora Lefevre,nora.lefevre171@example.com,51,Morocco
172,Lina Petit,lina.petit172@example.com,35,Morocco
173,Bob Michel,bob.michel173@example.com,36,Italy
174,Ethan Richard,ethan.richard174@example.com,38,Tunisia
175,Bob Thomas,bob.thomas175@example.com,27,Italy
176,Hugo Michel,hugo.michel176@example.com,27,Italy
177,Bob Durand,bob.durand177@example.com,44,Belgium
178,Jules Dubois,jules.dubois178@example.com,44,France
179,Diana Garcia,diana.garcia179@example.com,44,Netherlands
180,Sarah Lefevre,sarah.lefevre180@example.com,55,France
181,Omar Roux,omar.roux181@example.com,54,Netherlands
182,Ines Martin,ines.martin182@example.com,40,Portugal
183,Nora Durand,nora.durand183@example.com,44,Tunisia
184,Mehdi Michel,mehdi.michel184@example.com,52,Italy
185,Ines Petit,ines.petit185@example.com,35,Netherlands
186,Ines Martin,ines.martin186@example.com,42,Belgium
187,Lina Simon,lina.simon187@example.com,43,Spain
188,Omar Dubois,omar.dubois188@example.com,26,Tunisia
189,Alice Roux,alice.roux189@example.com,43,France
190,Bob Simon,bob.simon190@example.com,45,Spain
191,Omar Dubois,omar.dubois191@example.com,29,France
192,Ethan Durand,ethan.durand192@example.com,38,Italy
193,Ines Richard,ines.richard193@example.com,39,Netherlands
194,Ethan Lefevre,ethan.lefevre194@example.com,44,Portugal
195,Omar Bernard,omar.bernard195@example.com,48,France
196,Mehdi Moreau,mehdi.moreau196@example.com,21,Belgium
197,Diana Simon,diana.simon197@example.com,22,France
198,Nora Martin,nora.martin198@example.com,33,Italy
199,Omar Martin,omar.martin199@example.com,57,Spain
200,Diana Thomas,diana.thomas200@example.com,48,Germany
201,Karim Petit,karim.petit201@example.com,47,Portugal
202,Nora Richard,nora.richard202@example.com,28,Germany
203,Nora Garcia,nora.garcia203@example.com,28,Portugal
204,Bob Laurent,bob.laurent204@example.com,19,Portugal
205,Karim Simon,karim.simon205@example.com,42,Netherlands
206,Mehdi Petit,mehdi.petit206@example.com,22,Italy
207,Bob Michel,bob.michel207@example.com,37,Germany
208,Nora Laurent,nora.laurent208@example.com,20,Belgium
209,Jules Durand,jules.durand209@example.com,60,Belgium
210,Bob Moreau,bob.moreau210@example.com,59,Belgium
211,Alice Garcia,alice.garcia211@example.com,44,Morocco
212,Bob Durand,bob.durand212@example.com,41,Morocco
213,Mehdi Thomas,mehdi.thomas213@example.com,45,Spain
214,Mehdi Moreau,mehdi.moreau214@example.com,59,Portugal
215,Karim Lefevre,karim.lefevre215@example.com,52,Morocco
216,Ines Durand,ines.durand216@example.com,64,Portugal
217,Fatima Garcia,fatima.garcia217@example.com,33,Germany
218,Ethan Roux,ethan.roux218@example.com,46,Italy
219,Nora Dubois,nora.dubois219@example.com,54,Netherlands
220,Fatima Martin,fatima.martin220@example.com,49,Belgium
221,Charlie Dubois,charlie.dubois221@example.com,31,Belgium
222,Nora Robert,nora.robert222@example.com,39,Portugal
223,Sarah Laurent,sarah.laurent223@example.com,62,Portugal
224,Jules Martin,jules.martin224@example.com,51,Italy
225,Bob Petit,bob.petit225@example.com,64,Netherlands
226,Ines Moreau,ines.moreau226@example.com,33,Morocco
227,Lina Michel,lina.michel227@example.com,49,Morocco
228,Nora Martin,nora.martin228@example.com,23,Portugal
229,Diana Durand,diana.durand229@example.com,62,Italy
230,Ethan Simon,ethan.simon230@example.com,55,Belgium
231,Ines Moreau,ines.moreau231@example.com,51,Belgium
232,Hugo Michel,hugo.michel232@example.com,53,Belgium
233,Fatima Michel,fatima.michel233@example.com,47,Portugal
234,Ethan Robert,ethan.robert234@example.com,32,Germany
235,Mehdi Petit,mehdi.petit235@example.com,38,Germany
236,Mehdi Moreau,mehdi.moreau236@example.com,62,Spain
237,Diana Petit,diana.petit237@example.com,65,Morocco
238,Ethan Michel,ethan.michel238@example.com,55,Tunisia
239,Karim Robert,karim.robert239@example.com,24,Italy
240,Ethan Petit,ethan.petit240@example.com,41,Spain
241,Ethan Martin,ethan.martin241@example.com,63,Tunisia
242,Charlie Robert,charlie.robert242@example.com,20,France
243,Jules Robert,jules.robert243@example.com,62,Spain
244,Lina Garcia,lina.garcia244@example.com,49,Germany
245,Omar Martin,omar.martin245@example.com,54,Portugal
246,Ines Dubois,ines.dubois246@example.com,46,Belgium
247,Charlie Martin,charlie.martin247@example.com,34,Morocco
248,Bob Garcia,bob.garcia248@example.com,22,Netherlands
249,Ines Bernard,ines.bernard249@example.com,54,France
250,Charlie Thomas,charlie.thomas250@example.com,54,Portugal
251,Bob Petit,bob.petit251@example.com,25,Tunisia
252,Nora Durand,nora.durand252@example.com,56,Italy
253,Nora Moreau,nora.moreau253@example.com,42,Morocco
254,Sarah Dubois,sarah.dubois254@example.com,37,Netherlands
255,Ethan Laurent,ethan.laurent255@example.com,57,France
256,Karim Michel,karim.michel256@example.com,24,Italy
257,Lina Petit,lina.petit257@example.com,34,Germany
258,Charlie Petit,charlie.petit258@example.com,29,Tunisia
259,Bob Thomas,bob.thomas259@example.com,18,Netherlands
260,Ines Michel,ines.michel260@example.com,56,Morocco
261,Ethan Martin,ethan.martin261@example.com,32,Portugal
262,Mehdi Robert,mehdi.robert262@example.com,62,Morocco
263,Bob Simon,bob.simon263@example.com,32,Portugal
264,Nora Lefevre,nora.lefevre264@example.com,58,Italy
265,Hugo Bernard,hugo.bernard265@example.com,52,Italy
266,Lina Thomas,lina.thomas266@example.com,35,Spain
267,Bob Martin,bob.martin267@example.com,28,Portugal
268,Karim Michel,karim.michel268@example.com,54,Portugal
269,Ines Bernard,ines.bernard269@example.com,47,Portugal
270,Mehdi Durand,mehdi.durand270@example.com,35,Tunisia
271,Jules Dubois,jules.dubois271@example.com,46,Germany
272,Karim Martin,karim.martin272@example.com,45,Belgium
273,Karim Robert,karim.robert273@example.com,19,Germany
274,Diana Simon,diana.simon274@example.com,54,France
275,Nora Simon,nora.simon275@example.com,35,France
276,Nora Lefevre,nora.lefevre276@example.com,29,Morocco
277,Jules Simon,jules.simon277@example.com,46,Portugal
278,Charlie Laurent,charlie.laurent278@example.com,45,Morocco
279,Bob Dubois,bob.dubois279@example.com,40,Netherlands
280,Fatima Richard,fatima.richard280@example.com,60,Germany
281,Omar Thomas,omar.thomas281@example.com,39,Netherlands
282,Mehdi Dubois,mehdi.dubois282@example.com,36,Netherlands
283,Omar Lefevre,omar.lefevre283@example.com,53,France
284,Ines Bernard,ines.bernard284@example.com,38,Portugal
285,Fatima Bernard,fatima.bernard285@example.com,43,Tunisia
286,Omar Martin,omar.martin286@example.com,60,Tunisia
287,Ines Durand,ines.durand287@example.com,21,Italy
288,Jules Richard,jules.richard288@example.com,57,Morocco
289,Lina Dubois,lina.dubois289@example.com,21,Italy
290,Ethan Moreau,ethan.moreau290@example.com,26,Portugal
291,Ines Roux,ines.roux291@example.com,62,Morocco
292,Bob Martin,bob.martin292@example.com,58,Italy
293,Mehdi Thomas,mehdi.thomas293@example.com,37,Tunisia
294,Alice Moreau,alice.moreau294@example.com,44,Germany
295,Diana Garcia,diana.garcia295@example.com,25,Morocco
296,Bob Simon,bob.simon296@example.com,27,Morocco
297,Sarah Michel,sarah.michel297@example.com,36,Tunisia
298,Mehdi Robert,mehdi.robert298@example.com,44,Morocco
299,Ines Petit,ines.petit299@example.com,47,Tunisia
300,Charlie Durand,charlie.durand300@example.com,30,Tunisia
